<?xml version="1.0"?>
<ruleset>
	<rule ref="./vendor/mediawiki/mediawiki-codesniffer/MediaWiki" />

	<rule ref="Generic.Functions.FunctionCallArgumentSpacing.TooMuchSpaceAfterComma">
		<severity>5</severity>
	</rule>
	<rule ref="MediaWiki.Classes.FullQualifiedClassName">
		<severity>5</severity>
	</rule>
	<rule ref="Squiz.WhiteSpace.FunctionSpacing.BeforeFirst">
		<severity>5</severity>
	</rule>

	<file>.</file>
	<arg name="extensions" value="php"/>
	<arg name="encoding" value="UTF-8"/>
</ruleset>
